insert into sucursal (id, direccion, nombre)
values 
  (1, 'Calle A #123', 'Sucursal Central'),
  (2, 'Avenida B #456', 'Sucursal Norte'),
  (3, 'Calle C #789', 'Sucursal Sur'),
  (4, 'Avenida D #1011', 'Sucursal Este'),
  (5, 'Calle E #1213', 'Sucursal Oeste');
  

INSERT INTO empleado (id, nombre, apellido1, apellido2, numeroCelular, correo, rol)
VALUES 
  (1, 'María', 'Gómez', 'López', '317-2345678', 'maria.gomez@gmail.com', 'Gerente de Tienda'),
  (2, 'Carlos', 'Martínez', 'Ramírez', '310-3456789', 'carlos.martinez@gmail.com', 'Gerente de Tienda'),
  (3, 'Laura', 'Rodríguez', 'Sánchez', '313-4567890', 'laura.rodriguez@gmail.com', 'Gerente de Tienda'),
  (4, 'Roberto', 'Hernández', 'Fernández', '318-5678901', 'roberto.hernandez@gmail.com', 'Gerente de Tienda'),
  (5, 'Ana', 'López', 'Gutiérrez', '314-6789012', 'ana.lopez@hotmail.com', 'Gerente de Tienda'),

  (6, 'Daniel', 'García', 'Santos', '311-7890123', 'daniel.garcia@hotmail.com', 'Vendedor'),
  (7, 'Sofía', 'Fernández', 'Jiménez', '319-8901234', 'sofia.fernandez@hotmail.com', 'Vendedor'),
  (8, 'Javier', 'Ramírez', 'Torres', '312-9012345', 'javier.ramirez@hotmail.com', 'Vendedor'),
  (9, 'Isabel', 'Santos', 'Díaz', '316-0123456', 'isabel.santos@hotmail.com', 'Vendedor'),
  (10, 'Martín', 'Jiménez', 'Herrera', '313-1234567', 'martin.jimenez@gmail.com', 'Vendedor'),

  (11, 'Lucía', 'Torres', 'Pérez', '311-2345678', 'lucia.torres@gmail.com', 'Cajero'),
  (12, 'Alejandro', 'Díaz', 'Gómez', '318-3456789', 'alejandro.diaz@gmail.com', 'Cajero'),
  (13, 'Patricia', 'Herrera', 'López', '314-4567890', 'patricia.herrera@gmail.com', 'Cajero'),
  (14, 'Raúl', 'Pérez', 'Ramírez', '319-5678901', 'raul.perez@gmail.com', 'Cajero'),
  (15, 'Carmen', 'Gutiérrez', 'García', '312-6789012', 'carmen.gutierrez@gmail.com', 'Cajero'),

  (16, 'Miguel', 'Santos', 'Jiménez', '316-7890123', 'miguel.santos@gmail.com', 'Asesor de Ventas'),
  (17, 'Gabriela', 'Ramírez', 'Fernández', '313-8901234', 'gabriela.ramirez@gmail.com', 'Asesor de Ventas'),
  (18, 'Ricardo', 'Torres', 'López', '311-9012345', 'ricardo.torres@gmail.com', 'Asesor de Ventas'),
  (19, 'Elena', 'Díaz', 'García', '317-0123456', 'elena.diaz@gmail.com', 'Asesor de Ventas'),
  (20, 'Eduardo', 'Gómez', 'López', '325-2345678', 'eduardo.gomez@gmail.com', 'Asesor de Ventas'),

  (21, 'Luisa', 'Martínez', 'Ramírez', '327-3456789', 'luisa.martinez@hotmail.com', 'Asistente de Tienda'),
  (22, 'Gabriel', 'Rodríguez', 'Sánchez', '320-4567890', 'gabriel.rodriguez@hotmail.com', 'Asistente de Tienda'),
  (23, 'Carolina', 'Hernández', 'Fernández', '323-5678901', 'carolina.hernandez@hotmail.com', 'Asistente de Tienda'),
  (24, 'Felipe', 'López', 'Gutiérrez', '328-6789012', 'felipe.lopez@hotmail.com', 'Asistente de Tienda'),
  (25, 'Andrés', 'García', 'Santos', '324-7890123', 'andres.garcia@hotmail.com', 'Asistente de Tienda'),

  (26, 'Mariana', 'Fernández', 'Jiménez', '321-8901234', 'mariana.fernandez@hotmail.com', 'Mecánico'),
  (27, 'Alejandro', 'Ramírez', 'Torres', '329-9012345', 'alejandro.ramirez@hotmail.com', 'Mecánico'),
  (28, 'Valentina', 'Santos', 'Díaz', '322-0123456', 'valentina.santos@hotmail.com', 'Mecánico'),
  (29, 'Gustavo', 'Jiménez', 'Herrera', '316-1234567', 'gustavo.jimenez@hotmail.com', 'Mecánico'),
  (30, 'Camila', 'Torres', 'Pérez', '313-2345678', 'camila.torres@hotmail.com', 'Mecánico'),

  (31, 'Santiago', 'González', 'Rojas', '310-1112233', 'santiago.gonzalez@hotmail.com', 'Recepcionista'),
  (32, 'Valeria', 'Castro', 'Hernández', '311-2223344', 'valeria.castro@hotmail.com', 'Recepcionista'),
  (33, 'Luis', 'Moreno', 'Vargas', '312-3334455', 'luis.moreno@hotmail.com', 'Recepcionista'),
  (34, 'Mariana', 'Giraldo', 'Ramírez', '313-4445566', 'mariana.giraldo@hotmail.com', 'Recepcionista'),
  (35, 'Mateo', 'Muñoz', 'Castaño', '314-5556677', 'mateo.munoz@gmail.com', 'Recepcionista'),

  (36, 'Isabella', 'Pérez', 'Jiménez', '315-6667788', 'isabella.perez@gmail.com', 'Diseñador de Bicicletas'),
  (37, 'Diego', 'Gómez', 'Santos', '316-7778899', 'diego.gomez@gmail.com', 'Coordinador de Eventos'),
  (38, 'Daniela', 'Herrera', 'López', '317-8889900', 'daniela.herrera@gmail.com', 'Especialista en Rutas'),
  (39, 'Gabriel', 'Torres', 'Fernández', '318-9990011', 'gabriel.torres@gmail.com', 'Analista de Inventarios'),
  (40, 'Juan', 'Pérez', 'García', '315-1234567', 'juan.perez@gmail.com', 'Dueño');

-- Assign workers to branches in the trabajadores table
INSERT INTO trabajadores (id, sucursalId, empleadoId)
VALUES
  (1, 1, 1),
  (2, 1, 6),
  (3, 1, 11),
  (4, 1, 16),
  (5, 1, 21),
  (6, 1, 26),
  (7, 1, 31),
  (8, 1, 36),
  (9, 1, 37),
  (10, 1, 38),
  (11, 1, 39),

  (12, 2, 2),
  (13, 2, 7),
  (14, 2, 12),
  (15, 2, 17),
  (16, 2, 22),
  (17, 2, 27),
  (18, 2, 32),
  (19, 2, 36),
  (20, 2, 37),
  (21, 2, 38),
  (22, 2, 39),

  (23, 3, 3),
  (24, 3, 8),
  (25, 3, 13),
  (26, 3, 18),
  (27, 3, 23),
  (28, 3, 28),
  (29, 3, 33),
  (30, 3, 36),
  (31, 3, 37),
  (32, 3, 38),
  (33, 3, 39),

  (34, 4, 4),
  (35, 4, 9),
  (36, 4, 14),
  (37, 4, 19),
  (38, 4, 24),
  (39, 4, 29),
  (40, 4, 34),
  (41, 4, 36),
  (42, 4, 37),
  (43, 4, 38),
  (44, 4, 39),

  (45, 5, 5),
  (46, 5, 10),
  (47, 5, 15),
  (48, 5, 20),
  (49, 5, 25),
  (50, 5, 30),
  (51, 5, 35),
  (52, 5, 36),
  (53, 5, 37),
  (54, 5, 38),
  (55, 5, 39);

INSERT INTO cliente (id, nombre, apellido1, apellido2, telefono, correo) VALUES
(1, 'Juan', 'Gomez', 'Perez', '310-1234567', 'juan.gomez@gmail.com'),
(2, 'Maria', 'Rodriguez', 'Lopez', '320-2345678', 'maria.rodriguez@gmail.com'),
(3, 'Pedro', 'Martinez', 'Garcia', '300-3456789', 'pedro.martinez@gmail.com'),
(4, 'Ana', 'Fernandez', 'Sanchez', '310-4567890', 'ana.fernandez@gmail.com'),
(5, 'Carlos', 'Lopez', 'Gomez', '320-5678901', 'carlos.lopez@gmail.com'),
(6, 'Laura', 'Garcia', 'Martinez', '300-6789012', 'laura.garcia@hotmail.com'),
(7, 'Alejandro', 'Perez', 'Fernandez', '310-7890123', 'alejandro.perez@hotmail.com'),
(8, 'Isabel', 'Sanchez', 'Rodriguez', '320-8901234', 'isabel.sanchez@hotmail.com'),
(9, 'Fernando', 'Gutierrez', 'Hernandez', '300-9012345', 'fernando.gutierrez@hotmail.com');


INSERT INTO servicio (tipoServicio, tipoVehiculo, complejidad) VALUES
('Cambio de neumático', 'Bicicleta', 'Baja'),
('Ajuste de frenos', 'Bicicleta', 'Baja'),
('Lubricación de cadena', 'Bicicleta', 'Baja'),
('Reparación de pinchazo', 'Bicicleta de montaña', 'Media'),
('Alineación de ruedas', 'Bicicleta de montaña', 'Alta'),
('Cambio de cables', 'Bicicleta de montaña', 'Alta'),
('Instalación de accesorios', 'Bicicleta de carretera', 'Baja'),
('Revisión general', 'Bicicleta de carretera', 'Alta'),
('Cambio de manillar', 'Bicicleta de carretera', 'Media'),
('Ajuste de cambios', 'Bicicleta de ciudad', 'Alta'),
('Cambio de pedales', 'Bicicleta de ciudad', 'Media'),
('Instalación de portabultos', 'Bicicleta de ciudad', 'Media'),
('Reparación de cadena', 'Bicicleta eléctrica', 'Baja'),
('Ajuste de suspensión', 'Bicicleta eléctrica', 'Alta'),
('Cambio de piñón', 'Bicicleta eléctrica', 'Alta'),
('Reparación de cuadro', 'Bicicleta plegable', 'Alta'),
('Ajuste de dirección', 'Bicicleta plegable', 'Baja'),
('Cambio de asiento', 'Bicicleta plegable', 'Baja'),
('Reparación de luces', 'Bicicleta de carreras', 'Baja'),
('Revisión eléctrica', 'Bicicleta de carreras', 'Media'),
('Cambio de frenos hidráulicos', 'Bicicleta de montaña', 'Alta'),
('Tune-up completo', 'Bicicleta de carretera', 'Alta'),
('Instalación de motor eléctrico', 'Bicicleta eléctrica', 'Alta'),
('Cambio de piñón y cadena', 'Bicicleta de ciudad', 'Media'),
('Reparación de batería', 'Bicicleta eléctrica', 'Alta'),
('Ajuste de posición aerodinámica', 'Bicicleta de carreras', 'Alta'),
('Reparación de sistema de plegado', 'Bicicleta plegable', 'Media'),
('Instalación de luces LED', 'Bicicleta de carreras', 'Alta'),
('Ajuste de asistencia eléctrica', 'Bicicleta eléctrica', 'Alta'),
('Reparación de sistema de cambios electrónicos', 'Bicicleta de carretera', 'Alta');


INSERT INTO preFactura (id, tipoServicio, precio) VALUES
(1, 'Cambio de neumático', 50000),
(2, 'Ajuste de frenos', 30000),
(3, 'Lubricación de cadena', 15000),
(4, 'Reparación de pinchazo', 20000),
(5, 'Alineación de ruedas', 35000),
(6, 'Cambio de cables', 25000),
(7, 'Instalación de accesorios', 40000),
(8, 'Revisión general', 45000),
(9, 'Cambio de manillar', 30000),
(10, 'Ajuste de cambios', 20000),
(11, 'Cambio de pedales', 25000),
(12, 'Instalación de portabultos', 40000),
(13, 'Reparación de cadena', 18000),
(14, 'Ajuste de suspensión', 35000),
(15, 'Cambio de piñón', 28000),
(16, 'Reparación de cuadro', 50000),
(17, 'Ajuste de dirección', 30000),
(18, 'Cambio de asiento', 25000),
(19, 'Reparación de luces', 30000),
(20, 'Revisión eléctrica', 45000);


INSERT INTO distribuidor (id, nombre, numeroTelefono, numeroCelular, correo) VALUES
(1,'Empresa Distribuidora XYZ', '300-1234567', '310-9876543', 'info@empresadistribuidoraxyz.com'),
(2,'Bicicletas Rápidas SAS', '301-5556789', '315-7778888', 'contacto@bicicletasrapidas.com'),
(3,'Ciclismo Total S.A.', '320-1112233', '350-4445555', 'ventas@ciclismototal.com'),
(4,'Distribuciones Veloz E.U.', '322-9998888', '317-3332222', 'info@distribucionesveloz.com'),
(5,'Bicicletas del Futuro Ltda.', '310-6667777', '304-1112222', 'ventas@bicicletasfuturo.com');

-- Insertar 40 filas en la tabla 'inventario' con distribuidorId del 1 al 5 y nombres de productos de una bicicletería
INSERT INTO inventario (producto, fecha, distribuidorId, cantidad) VALUES
('Bicicleta de montaña', '2023-11-23 12:00:00', 1, 5),
('Casco para ciclismo', '2023-11-23 12:15:00', 2, 10),
('Luces LED para bicicleta', '2023-11-23 12:30:00', 3, 15),
('Neumáticos todoterreno', '2023-11-23 12:45:00', 1, 20),
('Kit de herramientas para bicicleta', '2023-11-23 13:00:00', 5, 25),
('Bicicleta de ruta', '2023-11-23 13:15:00', 1, 30),
('Candado antirrobo', '2023-11-23 13:30:00', 2, 35),
('Sillín ergonómico', '2023-11-23 13:45:00', 3, 40),
('Ruedas de repuesto', '2023-11-23 14:00:00', 1, 45),
('Ciclocomputadora', '2023-11-23 14:15:00', 5, 50),
('Pedales de aluminio', '2023-11-24 10:30:00', 1, 55),
('Maillot de ciclismo', '2023-11-24 10:45:00', 2, 60),
('Botella de agua para bicicleta', '2023-11-24 11:00:00', 1, 65),
('Guardabarros ajustable', '2023-11-24 11:15:00', 1, 70),
('Soporte para teléfono en bicicleta', '2023-11-24 11:30:00', 1, 75),
('Pedales automáticos', '2023-11-24 11:45:00', 1, 80),
('Cascos con visera', '2023-11-24 12:00:00', 2, 85),
('Portaequipajes trasero', '2023-11-24 12:15:00', 1, 90),
('Rodilleras y coderas', '2023-11-24 12:30:00', 4, 95),
('Timbre para bicicleta', '2023-11-24 12:45:00', 5, 100),
('Bicicleta plegable', '2023-11-24 13:00:00', 1, 105),
('Pedales de plataforma', '2023-11-24 13:15:00', 2, 110),
('Silla para bebé', '2023-11-24 13:30:00', 3, 115),
('Bomba de aire portátil', '2023-11-24 13:45:00', 1, 120),
('Gafas de ciclismo', '2023-11-24 14:00:00', 5, 125),
('Mochila hidratación', '2023-11-24 14:15:00', 1, 130),
('Cadena antirrobo', '2023-11-24 14:30:00', 2, 135),
('Asiento ajustable', '2023-11-24 14:45:00', 1, 140),
('Guantes para ciclismo', '2023-11-24 15:00:00', 1, 145),
('Linterna frontal para bicicleta', '2023-11-24 15:15:00', 5, 150),
('Espejo retrovisor para bicicleta', '2023-11-24 15:30:00', 1, 155),
('Casco de visión amplia', '2023-11-24 15:45:00', 2, 160),
('Funda impermeable para bicicleta', '2023-11-24 16:00:00', 3, 165),
('Bocina para bicicleta', '2023-11-24 16:15:00', 1, 170),
('Herramienta multiusos para bicicleta', '2023-11-24 16:30:00', 5, 175),
('Candado de cable', '2023-11-24 16:45:00', 1, 180),
('Limpiador de cadenas', '2023-11-24 17:00:00', 2, 185),
('Timbre electrónico', '2023-11-24 17:15:00', 3, 190),
('Gafas de sol para ciclismo', '2023-11-24 17:30:00', 4, 195),
('Freno de disco hidráulico', '2023-11-24 17:45:00', 1, 200);


INSERT INTO producto (producto, descripcion, tipo, precio, categoria) VALUES
('Bicicleta de montaña', 'Bicicleta diseñada para terrenos accidentados y caminos de montaña, con suspensión y neumáticos robustos para un rendimiento óptimo en condiciones difíciles.', 'Equipo', 3000000, 'Bicicletas'),
('Casco para ciclismo', 'Casco ligero y ventilado diseñado para brindar protección durante la práctica del ciclismo, con ajuste cómodo y sistema de ventilación avanzado.', 'Accesorio', 49900, 'Seguridad'),
('Luces LED para bicicleta', 'Conjunto de luces LED recargables para aumentar la visibilidad durante la noche, con varios modos de iluminación y fácil instalación en la bicicleta.', 'Accesorio', 19900, 'Iluminación'),
('Neumáticos todoterreno', 'Neumáticos resistentes y duraderos diseñados para proporcionar tracción en una variedad de terrenos, ideales para aventuras todoterreno en bicicleta.', 'Repuesto', 34900, 'Neumáticos'),
('Kit de herramientas para bicicleta', 'Conjunto completo de herramientas para el mantenimiento y reparación de bicicletas, incluyendo llaves, destornilladores y extractores de cadena.', 'Herramientas', 29900, 'Accesorios'),
('Bicicleta de ruta', 'Bicicleta de carretera diseñada para ofrecer velocidad y eficiencia en carreteras pavimentadas, con un cuadro ligero y componentes aerodinámicos.', 'Equipo', 799990, 'Bicicletas'),
('Candado antirrobo', 'Candado resistente y seguro para proteger la bicicleta contra robos, con mecanismo de cierre de alta seguridad y cable de acero reforzado.', 'Seguridad', 39900, 'Accesorios'),
('Sillín ergonómico', 'Sillín diseñado ergonómicamente para proporcionar comodidad durante largos paseos en bicicleta, con acolchado y forma anatómica para reducir la presión.', 'Accesorio', 54990, 'Asientos'),
('Ruedas de repuesto', 'Juego de ruedas de repuesto duraderas y ligeras para bicicletas, ideales para reemplazar ruedas dañadas o actualizar el rendimiento de la bicicleta.', 'Repuesto', 129990, 'Ruedas'),
('Ciclocomputadora', 'Dispositivo electrónico que se monta en la bicicleta para rastrear y mostrar datos como la velocidad, la distancia recorrida y el tiempo, brindando información útil para el ciclista.', 'Electrónica', 49900, 'Accesorios'),
('Pedales de aluminio', 'Pedales ligeros y duraderos fabricados en aluminio, con agarre antideslizante y rodamientos sellados para un pedaleo suave y eficiente.', 'Repuesto', 39900, 'Pedales'),
('Maillot de ciclismo', 'Conjunto de maillot de manga corta y pantalones cortos diseñados para proporcionar comodidad y transpirabilidad durante el ciclismo, con bolsillos traseros para almacenamiento.', 'Ropa', 69990, 'Vestimenta'),
('Botella de agua para bicicleta', 'Botella de agua diseñada para encajar en el portabidones de la bicicleta, con boquilla de fácil apertura y cierre seguro para mantenerse hidratado durante el viaje.', 'Accesorio', 9990, 'Hidratación'),
('Guardabarros ajustable', 'Guardabarros ajustables para bicicletas que protegen contra salpicaduras de agua y barro, garantizando un viaje más limpio en condiciones húmedas y fangosas.', 'Accesorio', 24990, 'Protección'),
('Soporte para teléfono en bicicleta', 'Soporte resistente para fijar el teléfono en el manillar de la bicicleta, permitiendo el acceso fácil a la navegación y las aplicaciones mientras se pedalea.', 'Accesorio', 16990, 'Electrónica'),
('Pedales automáticos', 'Pedales diseñados para ser utilizados con sistemas de calas, proporcionando una conexión segura entre los pies del ciclista y los pedales para un mejor rendimiento.', 'Repuesto', 79990, 'Pedales'),
('Cascos con visera', 'Cascos de ciclismo con visera integrada para proteger contra el sol y mejorar la visibilidad, ofreciendo una combinación de seguridad y comodidad.', 'Accesorio', 59990, 'Seguridad'),
('Portaequipajes trasero', 'Portaequipajes robusto y ajustable para la parte trasera de la bicicleta, ideal para transportar bolsas y carga adicional durante los viajes en bicicleta.', 'Accesorio', 49990, 'Transporte'),
('Rodilleras y coderas', 'Conjunto de rodilleras y coderas diseñadas para proporcionar protección en caso de caídas, con acolchado y correas ajustables para un ajuste seguro.', 'Protección', 34990, 'Accesorios'),
('Timbre para bicicleta', 'Timbre clásico para bicicletas con sonido claro y fuerte, diseñado para alertar a peatones y otros ciclistas de la presencia de la bicicleta.', 'Accesorio', 8990, 'Seguridad'),
('Bicicleta plegable', 'Bicicleta compacta y plegable que facilita el transporte y el almacenamiento, ideal para usuarios que buscan una solución práctica y versátil.', 'Equipo', 349990, 'Bicicletas'),
('Pedales de plataforma', 'Pedales de plataforma duraderos y antideslizantes para bicicletas, ideales para aquellos que prefieren pedalear con calzado convencional en lugar de calas.', 'Repuesto', 24990, 'Pedales'),
('Silla para bebé', 'Silla diseñada para transportar de manera segura a un bebé en la parte trasera de la bicicleta, con arneses y reposapiés ajustables para mayor comodidad.', 'Accesorio', 79990, 'Transporte'),
('Bomba de aire portátil', 'Bomba compacta y portátil para inflar neumáticos de bicicleta mientras se está en movimiento, con medidor de presión y adaptadores para diferentes válvulas.', 'Herramientas', 29990, 'Accesorios'),
('Gafas de ciclismo', 'Gafas diseñadas específicamente para ciclistas, con lentes resistentes a impactos y protección UV, proporcionando visión clara y protección contra el viento.', 'Accesorio', 39990, 'Protección'),
('Mochila hidratación', 'Mochila ligera con sistema de hidratación integrado, ideal para llevar agua y otros objetos esenciales durante paseos largos en bicicleta.', 'Accesorio', 54990, 'Hidratación'),
('Cadena antirrobo', 'Cadena resistente y duradera con cerradura para proteger la bicicleta contra robos, proporcionando una capa adicional de seguridad en áreas de riesgo.', 'Seguridad', 29990, 'Accesorios'),
('Asiento ajustable', 'Asiento ajustable para bicicletas diseñado para adaptarse a diferentes alturas y preferencias de los ciclistas, ofreciendo comodidad personalizada.', 'Repuesto', 19990, 'Asientos'),
('Guantes para ciclismo', 'Guantes diseñados para brindar agarre y comodidad durante el ciclismo, con acolchado en las palmas y transpirables para mantener las manos frescas.', 'Ropa', 29990, 'Vestimenta'),
('Linterna frontal para bicicleta', 'Linterna potente y recargable para montar en el manillar de la bicicleta, proporcionando iluminación adicional para viajes nocturnos o con poca luz.', 'Iluminación', 39990, 'Accesorios'),
('Espejo retrovisor para bicicleta', 'Espejo ajustable para montar en el manillar de la bicicleta, permitiendo al ciclista ver el tráfico y los alrededores para una mayor seguridad durante el viaje.', 'Accesorio', 14990, 'Seguridad'),
('Casco de visión amplia', 'Casco de ciclismo con visión amplia para mayor campo de visión, brindando una experiencia visual mejorada y aumentando la seguridad del ciclista.', 'Accesorio', 69990, 'Seguridad'),
('Funda impermeable para bicicleta', 'Funda resistente al agua diseñada para proteger la bicicleta de la lluvia y los elementos, manteniéndola en óptimas condiciones incluso en condiciones climáticas adversas.', 'Protección', 24990, 'Accesorios'),
('Bocina para bicicleta', 'Bocina compacta y con sonido fuerte para alertar a los demás usuarios de la vía, mejorando la seguridad en el camino.', 'Accesorio', 12990, 'Seguridad'),
('Herramienta multiusos para bicicleta', 'Herramienta versátil con múltiples funciones para el mantenimiento y reparación de bicicletas, compacta y fácil de llevar en rutas largas.', 'Herramientas', 19990, 'Accesorios'),
('Candado de cable', 'Candado de cable flexible y liviano para asegurar la bicicleta en diversas situaciones, ofreciendo una solución portátil y conveniente para la seguridad.', 'Seguridad', 14990, 'Accesorios'),
('Limpiador de cadenas', 'Limpiador específico para cadenas de bicicleta, diseñado para eliminar la suciedad y los residuos, manteniendo la transmisión de la bicicleta en óptimas condiciones.', 'Herramientas', 9990, 'Accesorios'),
('Timbre electrónico', 'Timbre electrónico con diferentes tonos y niveles de volumen para alertar de manera efectiva a los demás usuarios de la vía, con instalación sencilla en el manillar.', 'Accesorio', 18990, 'Seguridad'),
('Gafas de sol para ciclismo', 'Gafas de sol diseñadas para ciclistas, con lentes polarizadas y protección UV, ofreciendo visión clara y protección contra los rayos del sol.', 'Accesorio', 34990, 'Protección'),
('Freno de disco hidráulico', 'Sistema de frenos de disco hidráulicos para bicicletas, proporcionando un frenado potente y controlado, especialmente efectivo en condiciones húmedas y embarradas.', 'Repuesto', 129990, 'Frenos');

INSERT INTO productos (id, producto, cantidad) VALUES
(1, 'Bicicleta de montaña', 10),
(2, 'Casco para ciclismo', 50),
(3, 'Luces LED para bicicleta', 30),
(4, 'Neumáticos todoterreno', 20),
(5, 'Kit de herramientas para bicicleta', 15),
(6, 'Bicicleta de ruta', 8),
(7, 'Candado antirrobo', 40),
(8, 'Sillín ergonómico', 25),
(9, 'Ruedas de repuesto', 18),
(10, 'Ciclocomputadora', 12),
(11, 'Sillín ergonómico', 5),
(12, 'Ruedas de repuesto', 2);

INSERT INTO metodoPago (id, nombre, tipo) VALUES
(1, 'Tarjeta de crédito', 'Tarjeta'),
(2, 'Tarjeta de débito', 'Tarjeta'),
(3, 'Transferencia bancaria', 'Transferencia'),
(4, 'PayPal', 'Digital'),
(5, 'Bitcoin', 'Criptomoneda'),
(6, 'Cheque', 'Cheque'),
(7, 'Efectivo', 'Efectivo'),
(8, 'Pago móvil', 'Digital'),
(9, 'Apple Pay', 'Digital'),
(10, 'Google Pay', 'Digital'),
(11, 'Tarjeta débito local', 'Tarjeta'),
(12, 'Tarjeta crédito local', 'Tarjeta'),
(13, 'PSE (Pagos Seguros en Línea)', 'Transferencia'),
(14, 'Nequi', 'Digital'),
(15, 'DaviPlata', 'Digital'),
(16, 'Baloto', 'Efectivo'),
(17, 'Efecty', 'Efectivo'),
(18, 'Transferencia bancaria local', 'Transferencia'),
(19, 'Código QR (CoDi)', 'Digital'),
(20, 'Cuenta de ahorros', 'Transferencia');

-- Inserción de datos de factura
INSERT INTO factura (id, empleadoId, clienteId, productosId, preFacturaId, metodoPagoId, fecha)
VALUES
    (1, 6, 1, 1, null, 1, '2023-11-23 12:30:00'),
    (2, 7, 1, 2, null, 7, '2023-11-23 12:30:00'),
    (3, 2, 3, 3, null, 1, '2023-11-23 12:30:00'),
    (4, 3, 4, 4, 2, 1, '2023-11-23 12:30:00'),
    (5, 3, 5, 5, null, 1, '2023-11-23 12:30:00'),
    (6, 2, 5, 5, 1, 1, '2023-11-23 15:30:00'),
    (7, 4, 6, 7, null, 8, '2023-10-23 15:30:00'),
    (8, 8, 1, 1, null, 1, '2023-11-23 12:30:00'),
    (9, 9, 1, 1, null, 1, '2023-11-23 12:30:00'),
    (10, 10, 1, 1, null, 1, '2023-11-23 12:30:00');

INSERT INTO clienteSegundaMano (id, nombre, apellido1, apellido2, telefono, correo) VALUES
(1, 'Carmen', 'Diaz', 'Vazquez', '310-0123456', 'carmen.diaz@hotmail.com'),
(2, 'Raul', 'Jimenez', 'Torres', '320-1234567', 'raul.jimenez@yahoo.com'),
(3, 'Sofia', 'Hernandez', 'Gutierrez', '300-2345678', 'sofia.hernandez@yahoo.com'),
(4, 'Gabriel', 'Vazquez', 'Diaz', '310-3456789', 'gabriel.vazquez@yahoo.com'),
(5, 'Elena', 'Torres', 'Jimenez', '320-4567890', 'elena.torres@yahoo.com'),
(6, 'Adrian', 'Ruiz', 'Alvarez', '300-5678901', 'adrian.ruiz@yahoo.com'),
(7, 'Luisa', 'Alvarez', 'Ruiz', '310-6789012', 'luisa.alvarez@gmail.com'),
(8, 'Javier', 'Cruz', 'Santos', '320-7890123', 'javier.cruz@gmail.com'),
(9, 'Raquel', 'Santos', 'Cruz', '300-8901234', 'raquel.santos@gmail.com'),
(10, 'Miguel', 'Moreno', 'Ortega', '310-9012345', 'miguel.moreno@gmail.com');

INSERT INTO distribuidorSegundaMano (id, nombre, numeroTelefono, numeroCelular, correo) VALUES
(1, 'Distribuidora Éxito', '300-1112233', '310-9876540', 'info.nueva@exitodistribucion.com'),
(2, 'Rápido Envío Bicicletas', '301-2223344', '315-7778881', 'contacto.nuevo@rapidoenviobicicletas.com'),
(3, 'Ciclismo Premium', '320-3334455', '350-4445552', 'ventas.nuevo@ciclismopremium.com'),
(4, 'Velocidad Extrema Distribuciones', '322-4445566', '317-3332223', 'info.nuevo@velocidadextrema.com'),
(5, 'Futuro sobre Ruedas', '310-5556677', '304-1112224', 'ventas.nuevo@futurosobreruedas.com');


INSERT INTO inventarioSegundaMano (producto, fecha, distribuidorId, cantidad) VALUES
('Bicicleta de montaña', '2023-11-25 08:30:00', 1, 10),
('Casco para ciclismo', '2023-11-25 09:00:00', 2, 15),
('Luces LED para bicicleta', '2023-11-25 09:30:00', 1, 20),
('Neumáticos todoterreno', '2023-11-25 10:00:00', 1, 25),
('Kit de herramientas para bicicleta', '2023-11-25 10:30:00', 5, 30),
('Bicicleta de ruta', '2023-11-25 11:00:00', 1, 35),
('Candado antirrobo', '2023-11-25 11:30:00', 4, 40),
('Sillín ergonómico', '2023-11-25 12:00:00', 3, 45),
('Ruedas de repuesto', '2023-11-25 12:30:00', 1, 50),
('Ciclocomputadora', '2023-11-25 13:00:00', 5, 55),
('Pedales de aluminio', '2023-11-26 08:30:00', 1, 60),
('Maillot de ciclismo', '2023-11-26 09:00:00', 2, 65),
('Pedales automáticos', '2023-11-26 11:00:00', 1, 85),
('Cascos con visera', '2023-11-26 11:30:00', 2, 90),
('Rodilleras y coderas', '2023-11-26 12:30:00', 4, 100),
('Timbre para bicicleta', '2023-11-26 13:00:00', 5, 105),
('Bicicleta plegable', '2023-11-26 13:30:00', 1, 110);


INSERT INTO productoSegundaMano (producto, descripcion, tipo, precio, estado, categoria) VALUES
('Bicicleta de montaña', 'Bicicleta de montaña usada en buen estado, lista para nuevas aventuras.', 'Equipo', 300000, 'Buen Estado', 'Bicicletas'),
('Casco para ciclismo', 'Casco para ciclismo usado, aún en excelente condición para brindar protección.', 'Accesorio', 50000, 'Como Nuevo', 'Seguridad'),
('Luces LED para bicicleta', 'Conjunto de luces LED para bicicleta usadas, funcionan perfectamente para mayor visibilidad.', 'Accesorio', 20000, 'Aceptable', 'Iluminación'),
('Neumáticos todoterreno', 'Neumáticos todoterreno usados en buen estado, ideales para tus rutas off-road.', 'Repuesto', 40000, 'Buen Estado', 'Neumáticos'),
('Kit de herramientas para bicicleta', 'Kit de herramientas para bicicleta usado pero completamente funcional, perfecto para mantenimiento.', 'Herramientas', 30000, 'Como Nuevo', 'Accesorios'),
('Bicicleta de ruta', 'Bicicleta de ruta usada, aún con un rendimiento excelente en carreteras pavimentadas.', 'Equipo', 400000, 'Aceptable', 'Bicicletas'),
('Candado antirrobo', 'Candado antirrobo usado pero robusto, proporciona seguridad adicional para tu bicicleta.', 'Seguridad', 15000, 'Buen Estado', 'Accesorios'),
('Sillín ergonómico', 'Sillín ergonómico usado en buen estado, ofrece comodidad para paseos más largos.', 'Accesorio', 25000, 'Como Nuevo', 'Accesorios'),
('Ruedas de repuesto', 'Juego de ruedas de repuesto usadas pero en excelente condición, ideal para reemplazo.', 'Repuesto', 50000, 'Aceptable', 'Ruedas'),
('Ciclocomputadora', 'Ciclocomputadora usada, sigue proporcionando datos útiles para tus viajes en bicicleta.', 'Electrónica', 35000, 'Buen Estado', 'Accesorios'),
('Pedales de aluminio', 'Pedales de aluminio usados pero aún eficientes, proporcionan un pedaleo suave.', 'Repuesto', 30000, 'Como Nuevo', 'Pedales'),
('Maillot de ciclismo', 'Maillot de ciclismo usado en buenas condiciones, brinda comodidad durante el pedaleo.', 'Ropa', 25000, 'Aceptable', 'Vestimenta'),
('Pedales automáticos', 'Pedales automáticos usados pero funcionando correctamente, ideales para ciclistas experimentados.', 'Repuesto', 40000, 'Buen Estado', 'Pedales'),
('Cascos con visera', 'Cascos con visera usados pero aún ofrecen protección, combinan seguridad y comodidad.', 'Accesorio', 45000, 'Como Nuevo', 'Seguridad'),
('Rodilleras y coderas', 'Rodilleras y coderas usadas pero en buen estado, proporcionan protección en tus rutas extremas.', 'Protección', 35000, 'Aceptable', 'Accesorios'),
('Timbre para bicicleta', 'Timbre para bicicleta usado pero con un sonido claro y fuerte para alertar.', 'Accesorio', 10000, 'Buen Estado', 'Seguridad'),
('Bicicleta plegable', 'Bicicleta plegable usada en buenas condiciones, ideal para la movilidad urbana.', 'Equipo', 250000, 'Como Nuevo', 'Bicicletas');


INSERT INTO productosSegundaMano (id, producto, cantidad) VALUES
(1, 'Neumáticos todoterreno', 2),
(2, 'Rodilleras y coderas', 1),
(3, 'Pedales de aluminio', 2),
(4, 'Bicicleta de ruta', 1),
(5, 'Luces LED para bicicleta', 4),
(6, 'Casco para ciclismo', 1);

INSERT INTO facturaSegundaMano (id, empleadoId, clienteId, productosId, metodoPagoId, fecha)
VALUES
    (1, 7, 1, 1, 1, '2023-11-24 14:00:00'),
    (2, 10, 2, 2, 7, '2023-11-24 14:15:00'),
    (3, 8, 3, 3, 7, '2023-11-24 14:30:00'),
    (4, 10, 4, 4, 1, '2023-11-24 14:45:00'),
    (5, 6, 4, 6, 1, '2023-11-24 15:00:00'),
    (6, 7, 1, 5, 1, '2023-11-24 14:00:00'),
    (7, 7, 1, 5, 1, '2023-11-24 14:00:00'),
    (8, 10, 4, 4, 4, '2023-11-24 14:45:00');

